Configuration,TrueModelUpDown,TrueLocationP,TrueLocationQ,P0,Q0,P1,Q1,P2,Q2,P3,Q3,P4,Q4,P5,Q5,P6,Q6,P7,Q7,P8,Q8,P9,Q9
1,0,506,350,605,267,467,346,555,391,499,367,525,334,498,279,580,376,482,494,666,383,572,342
0,0,400,350,466,311,299,442,365,437,286,321,466,345,484,229,330,458,426,438,339,322,447,392
0,0,374,350,592,400,418,414,354,424,287,365,567,389,501,429,466,338,403,416,306,281,242,235
1,0,468,350,545,390,339,102,627,424,445,523,378,352,529,361,512,378,504,398,472,425,441,397
1,0,470,350,347,337,308,303,713,385,431,459,382,251,437,410,487,380,483,388,554,354,307,548
0,0,395,350,525,272,412,472,347,461,323,392,563,494,437,423,606,388,298,452,368,207,399,171
0,0,440,350,526,438,458,424,509,446,415,307,469,441,393,554,486,334,478,417,465,424,517,364
1,0,461,350,362,324,485,366,642,399,311,332,560,375,326,234,449,350,330,433,457,266,574,323
0,1,291,450,298,432,319,512,342,496,191,403,492,338,430,394,58,648,65,505,429,304,274,544
1,1,435,450,464,387,425,336,618,411,271,444,402,354,379,380,544,476,340,467,343,291,424,397
1,0,345,350,493,239,106,239,550,375,312,355,449,219,414,315,507,374,333,396,302,342,369,689
0,0,371,350,225,182,301,280,345,218,439,433,327,122,444,343,539,351,448,348,423,454,382,326
1,1,390,450,355,455,405,410,399,544,385,351,367,613,681,410,332,545,416,530,371,571,397,389
1,0,301,350,180,278,337,350,222,326,289,519,416,260,153,419,113,319,301,427,297,303,136,161
0,0,372,350,349,407,85,387,501,422,289,231,312,364,390,360,238,344,246,350,502,411,180,368
0,1,320,450,216,341,541,547,414,567,190,322,541,390,468,772,582,404,288,221,190,499,133,529
1,1,397,450,447,352,384,465,475,579,582,287,146,379,423,502,364,348,358,397,487,522,487,459
0,0,386,350,342,338,627,201,230,334,305,362,379,183,516,395,298,224,395,479,493,159,490,372
1,1,436,450,465,400,442,486,591,371,348,550,450,405,404,497,552,497,355,310,335,511,616,421
1,1,371,450,366,294,440,581,268,441,503,419,255,390,75,295,463,515,490,421,320,459,595,514
0,0,374,350,467,319,373,386,355,366,177,233,398,400,408,344,400,214,549,278,326,276,336,233
0,0,445,350,386,220,459,215,502,413,459,300,526,272,469,235,433,480,536,431,447,325,391,536
0,1,301,450,187,470,303,475,125,382,377,541,397,331,286,216,432,544,239,545,256,506,293,483
1,1,368,450,487,567,221,573,240,401,542,572,378,264,448,497,411,449,388,507,308,615,346,440
0,0,378,350,482,394,651,424,240,309,266,332,377,347,513,484,446,312,342,465,423,419,386,270
0,1,536,450,578,440,584,537,705,142,737,462,610,400,552,485,582,561,540,470,635,723,490,499
1,1,409,450,194,303,524,489,594,385,455,478,185,538,421,390,352,444,378,374,362,573,499,476
1,0,324,350,277,317,224,386,186,302,440,280,368,294,358,353,181,141,463,403,225,306,445,380
0,0,429,350,488,279,438,262,412,344,216,297,419,465,551,438,202,360,325,357,595,325,553,473
1,1,407,450,363,646,342,603,332,422,300,446,405,424,348,582,285,485,311,509,498,345,438,585
0,1,544,450,671,356,552,623,513,323,354,421,429,517,613,623,524,431,700,551,419,451,601,341
1,0,411,350,510,460,349,131,226,454,651,399,350,335,514,282,312,263,458,338,224,301,354,344
0,0,435,350,659,315,353,329,641,215,462,463,420,342,337,273,492,240,455,395,553,469,458,353
0,0,360,350,394,424,367,483,219,309,286,418,142,145,340,478,222,198,360,167,326,503,162,217
0,0,394,350,485,298,782,515,296,424,339,507,621,328,625,423,330,341,310,411,255,446,384,419
1,1,433,450,480,651,649,348,308,608,579,421,370,422,514,533,433,579,386,653,458,421,332,529
1,1,386,450,520,358,354,442,449,451,299,400,290,362,275,491,442,448,408,471,448,467,550,420
1,0,400,350,325,363,370,391,322,559,483,358,518,316,360,322,373,269,486,587,305,421,266,439
0,0,376,350,440,346,246,464,257,485,307,433,323,345,460,519,281,285,433,477,295,323,466,402
0,1,418,450,336,395,490,385,376,552,393,410,377,237,525,275,387,423,378,519,630,639,304,530
0,0,394,350,440,222,257,292,449,338,344,251,457,351,239,244,502,386,370,459,588,339,190,308
1,0,528,350,461,223,599,273,646,282,604,343,492,232,517,417,454,645,471,199,508,477,521,359
0,0,356,350,226,374,277,256,541,297,573,332,193,359,293,435,343,369,248,271,406,350,459,422
0,0,432,350,433,93,374,317,467,301,404,222,564,602,558,402,539,518,232,273,340,197,382,453
0,0,379,350,573,398,324,310,429,498,335,297,557,212,372,502,416,378,381,365,372,286,400,406
0,0,385,350,314,340,398,439,542,377,397,439,406,406,282,214,451,466,510,301,346,304,388,369
0,0,429,350,531,257,496,380,431,419,422,318,190,294,424,268,428,532,459,404,475,334,423,471
1,0,518,350,626,320,543,362,475,345,380,282,506,169,530,495,436,457,543,305,469,394,594,458
1,1,420,450,376,430,346,327,412,401,412,424,472,417,385,417,482,451,459,283,561,588,315,206
1,1,357,450,406,503,417,561,204,451,384,594,285,270,335,717,268,519,491,571,481,357,454,519
0,1,443,450,350,403,486,622,432,472,254,576,430,381,327,356,297,409,525,469,472,499,455,481
1,1,364,450,445,575,523,421,384,412,165,411,347,474,559,454,389,407,348,347,285,543,285,444
0,1,414,450,475,393,315,540,412,557,271,573,428,512,545,460,387,539,364,417,425,565,344,440
1,0,371,350,410,352,397,244,420,315,313,383,408,274,297,492,397,311,285,119,395,151,376,439
1,0,288,350,137,188,417,475,254,233,299,309,172,320,134,351,296,235,387,214,259,338,297,293
0,1,403,450,380,331,489,420,257,372,513,391,485,252,491,391,333,498,295,341,439,400,612,497
1,1,421,450,564,472,322,539,208,619,490,464,375,447,559,321,370,450,319,391,384,494,268,414
1,1,393,450,601,476,387,524,423,670,219,290,327,528,515,566,638,440,377,487,134,492,568,379
1,0,264,350,189,316,69,226,239,179,236,492,192,329,178,317,50,406,187,300,284,336,260,307
0,1,419,450,219,604,199,412,448,394,493,606,438,415,407,455,394,435,475,341,468,453,489,246
0,1,534,450,489,424,598,463,541,333,467,510,459,519,582,392,546,466,494,235,337,618,517,434
0,1,321,450,359,441,298,499,204,429,501,513,292,369,155,500,265,661,350,469,326,442,373,251
0,0,383,350,522,351,437,403,512,580,267,383,527,198,300,589,501,417,342,492,292,275,359,438
1,0,354,350,240,398,325,470,519,282,314,425,274,173,264,341,353,314,442,268,393,261,378,410
1,1,421,450,376,309,584,387,495,449,513,515,477,612,291,422,487,519,543,572,449,513,267,466
1,0,294,350,269,435,285,132,246,224,316,385,407,335,245,347,290,552,219,402,184,342,269,443
0,1,411,450,478,417,431,573,489,521,509,600,600,478,449,561,499,573,521,542,302,400,301,426
1,0,346,350,256,432,382,315,556,433,435,520,194,462,412,346,267,260,561,394,196,488,347,415
0,1,257,450,368,324,264,416,80,505,156,406,187,510,203,525,225,387,208,341,232,476,201,374
0,0,361,350,307,543,373,394,236,407,484,241,333,446,262,400,192,360,288,95,228,491,461,364
1,1,394,450,474,532,572,300,627,476,486,325,268,403,428,320,532,313,391,385,440,494,390,623
1,1,364,450,406,357,394,588,228,434,473,355,365,564,383,492,409,568,358,393,470,618,427,508
0,1,284,450,322,421,255,448,310,347,285,464,261,480,312,354,316,567,354,524,278,507,371,600
0,0,395,350,164,245,475,330,278,284,347,428,365,421,427,312,390,442,350,402,561,363,380,413
1,0,446,350,455,354,665,302,592,449,421,433,372,341,404,422,449,347,430,327,353,269,287,310
1,0,460,350,469,434,501,296,431,262,498,376,387,389,582,353,591,426,354,211,608,315,366,463
1,1,423,450,480,367,418,447,379,504,364,334,384,613,453,560,393,637,443,417,487,311,378,380
0,1,355,450,301,431,223,570,362,437,372,365,476,460,438,523,394,476,220,465,397,465,209,551
1,1,431,450,612,356,426,314,397,374,353,335,569,597,426,364,608,520,633,492,466,368,544,329
1,0,347,350,218,280,229,330,416,238,353,268,359,411,340,366,187,433,301,367,417,368,500,389
1,1,375,450,378,524,309,406,310,430,365,397,416,557,352,533,280,389,529,434,330,547,397,496
1,1,380,450,388,358,286,511,278,532,440,278,484,465,275,500,352,455,467,453,455,554,312,550
0,1,402,450,348,463,295,516,612,348,395,299,305,578,535,576,250,368,322,289,356,312,284,464
0,1,361,450,256,226,393,563,223,479,308,475,384,523,359,578,352,489,263,381,437,598,248,314
1,1,380,450,443,245,521,507,392,316,402,289,282,260,536,503,348,515,345,337,326,325,402,395
1,0,453,350,497,394,671,444,448,295,415,277,473,505,470,335,394,419,609,326,539,292,515,277
1,1,351,450,315,290,354,343,371,459,449,646,364,306,419,400,393,644,610,626,411,425,380,412
0,1,454,450,502,612,428,210,445,603,428,492,491,444,340,529,460,307,299,552,496,466,398,493
0,1,485,450,364,466,367,467,445,401,306,527,528,537,376,319,702,418,439,416,607,344,371,414
1,1,365,450,500,503,485,301,339,362,242,334,445,448,348,370,508,451,232,316,285,219,307,398
0,0,439,350,591,248,521,642,562,229,468,124,398,321,377,174,339,219,458,400,424,106,383,393
1,1,372,450,320,537,528,611,376,275,396,456,444,520,292,309,352,219,444,361,377,477,289,372
0,0,446,350,532,370,336,346,365,574,482,368,307,263,537,383,387,292,487,360,478,253,544,236
1,0,323,350,291,418,277,621,174,384,419,374,328,386,359,264,320,269,395,283,261,400,360,345
1,0,508,350,736,356,583,464,529,231,448,325,373,275,469,355,406,250,563,559,711,423,498,382
0,1,544,450,626,551,462,477,221,345,495,462,692,540,349,429,685,500,748,356,481,610,652,540
1,1,420,450,568,404,572,631,457,638,396,429,647,585,331,682,216,387,367,577,599,499,529,366
1,1,389,450,506,334,384,455,234,645,432,399,337,339,256,498,475,307,285,328,317,573,453,409
1,1,438,450,334,445,440,428,511,472,364,453,394,602,212,364,352,535,436,475,283,411,614,309
0,1,363,450,344,516,245,290,463,451,416,289,199,391,332,478,438,470,367,553,508,448,442,434
0,0,438,350,406,288,437,395,403,326,467,285,507,245,371,67,347,544,370,397,538,273,448,355
1,0,308,350,112,220,413,447,16,228,404,173,256,304,125,268,61,418,356,495,129,447,172,280
0,0,385,350,519,362,306,103,413,212,568,404,289,338,364,272,592,362,275,431,303,381,428,420
0,1,422,450,513,420,479,431,381,449,502,482,435,532,222,346,298,623,509,238,239,354,375,533
0,0,429,350,470,480,413,226,387,465,734,361,547,357,511,337,425,437,413,355,230,370,426,429
1,1,387,450,378,360,263,586,523,439,385,445,547,328,393,288,379,505,361,667,191,382,202,369
0,0,445,350,497,318,571,315,348,359,358,192,389,371,456,500,336,317,394,272,481,416,488,478
0,1,334,450,478,387,294,447,339,411,258,455,237,417,196,534,391,443,326,688,310,773,310,479
1,0,411,350,477,216,332,57,400,449,469,372,333,343,320,328,334,374,439,342,561,499,352,323
0,1,427,450,229,288,426,297,479,419,429,347,607,571,289,459,537,466,573,529,335,439,347,546
0,1,315,450,327,547,343,482,310,445,417,482,315,422,155,371,376,494,412,694,135,337,345,403
0,1,458,450,432,421,411,542,515,581,489,598,548,172,418,406,489,465,401,470,281,520,600,348
0,1,408,450,408,427,281,496,591,365,452,446,466,414,259,384,563,471,448,240,312,485,467,512
0,1,260,450,68,366,224,592,279,352,66,407,233,468,374,407,166,484,133,638,317,545,409,462
0,1,316,450,446,586,386,490,325,541,407,428,143,531,418,518,307,665,320,438,384,495,383,466
0,1,361,450,253,549,288,596,334,407,523,413,654,534,443,694,348,330,614,458,271,449,314,402
0,0,438,350,516,376,321,359,622,302,381,369,523,484,454,319,585,230,564,312,283,281,401,370
0,0,408,350,446,399,379,191,647,403,452,401,329,221,377,304,359,426,362,244,510,351,495,337
0,0,432,350,539,384,376,421,211,324,433,285,403,483,278,413,348,425,427,354,367,242,417,289
1,1,373,450,433,349,380,429,464,467,447,281,434,472,172,605,221,517,142,420,499,674,283,317
0,0,436,350,392,228,552,377,290,365,374,478,508,231,437,423,480,267,264,283,341,449,405,373
1,0,518,350,669,182,404,448,416,284,452,377,642,373,564,292,709,227,325,177,443,548,427,246
0,0,450,350,406,427,616,279,497,394,528,533,482,417,493,351,418,533,479,343,320,292,488,511
1,0,540,350,563,461,554,368,534,494,446,341,567,290,532,274,469,409,568,438,674,430,570,229
1,1,362,450,302,387,418,572,341,446,383,515,340,387,324,475,392,449,293,310,346,567,397,636
1,1,419,450,597,365,297,418,389,504,320,569,352,499,565,441,312,448,297,333,607,336,587,375
0,0,394,350,448,391,306,349,450,496,509,318,462,413,348,439,320,398,327,395,358,373,368,256
1,1,385,450,350,350,265,302,500,343,212,598,528,375,412,484,446,590,255,397,264,393,407,270
1,1,421,450,322,395,421,444,297,458,403,491,360,512,467,548,541,303,501,518,540,338,362,424
0,0,405,350,408,345,288,346,479,352,231,118,494,289,580,465,391,429,437,355,389,94,406,171
1,0,454,350,482,156,362,440,492,357,489,133,405,323,424,413,286,425,226,325,650,475,308,268
0,0,424,350,326,476,324,278,271,318,371,228,362,376,408,360,365,258,555,177,392,237,299,271
1,0,311,350,461,375,412,402,323,462,447,320,134,397,339,220,535,374,274,458,289,253,420,514
0,0,359,350,196,396,363,335,497,367,164,311,351,121,322,375,340,463,362,455,440,389,404,257
0,0,352,350,500,290,443,436,569,394,305,274,479,348,375,366,253,227,315,469,391,363,383,312
0,0,361,350,397,269,323,470,388,417,359,296,293,264,400,327,193,280,409,287,361,625,314,366
1,0,462,350,440,354,456,197,339,176,397,460,446,538,504,359,259,394,445,299,391,295,501,329
1,0,397,350,501,460,401,185,388,166,349,360,400,495,412,361,497,496,288,496,516,380,346,450
1,0,527,350,609,511,508,389,609,263,478,429,558,365,429,377,547,374,484,494,569,410,268,351
1,1,403,450,474,459,413,282,416,446,295,496,441,568,401,420,261,279,679,494,431,400,629,298
0,1,375,450,450,529,299,586,468,467,255,295,579,430,323,512,347,399,474,526,410,568,310,506
0,1,290,450,151,482,134,574,260,393,415,338,355,385,213,499,372,438,225,523,328,375,263,545
0,1,295,450,249,483,57,455,282,442,336,404,125,388,477,576,495,458,347,458,288,493,314,510
1,0,440,350,388,344,419,388,266,187,226,392,499,379,327,308,467,141,359,271,625,224,413,389
0,0,395,350,328,379,179,470,391,386,343,430,339,436,451,283,454,430,199,300,289,377,421,399
0,0,377,350,217,34,307,466,369,437,288,374,408,527,405,274,447,444,352,273,275,400,346,429
0,1,412,450,394,379,538,561,597,635,377,497,438,308,400,449,503,426,383,458,374,353,441,256
0,1,339,450,363,309,383,270,348,472,322,420,550,491,402,466,504,253,350,532,309,412,291,479
1,1,417,450,598,476,322,569,295,523,312,254,532,541,403,416,408,406,464,542,373,614,243,480
1,0,447,350,499,288,454,465,415,284,299,295,450,443,558,451,439,509,277,321,445,388,390,315
1,0,313,350,258,420,228,343,235,330,260,282,367,322,240,352,310,461,284,545,255,315,265,350
0,0,414,350,386,521,521,372,299,253,333,394,461,263,197,289,268,254,250,298,225,587,544,285
0,1,480,450,343,375,459,555,428,499,372,529,496,340,490,369,488,489,389,188,564,343,456,499
1,1,371,450,511,391,306,454,50,431,412,547,512,492,329,475,311,369,538,495,433,396,526,462
1,0,491,350,641,396,345,412,308,346,466,289,431,497,521,433,626,527,570,262,510,382,544,266
0,1,496,450,553,542,529,331,398,574,373,384,605,491,571,372,668,363,389,622,517,408,555,715
0,0,355,350,306,455,181,416,430,323,479,299,403,418,359,404,333,313,172,366,440,424,480,334
1,0,268,350,297,371,409,489,310,223,167,287,307,535,61,285,405,347,184,422,184,270,452,356
1,1,386,450,443,348,467,246,380,493,388,435,380,376,566,532,395,534,140,422,265,506,364,457
1,1,414,450,536,428,335,515,453,427,419,634,504,395,358,619,281,345,500,371,304,350,282,405
1,1,353,450,335,359,202,649,449,544,355,560,244,436,255,521,291,484,351,397,287,575,469,540
1,1,402,450,403,278,502,474,245,440,301,583,372,382,638,479,429,289,303,426,435,501,459,424
1,1,428,450,457,411,510,521,392,472,484,505,390,464,428,356,404,673,326,465,494,526,438,542
0,1,306,450,539,361,252,384,267,434,264,456,337,497,108,349,350,428,281,364,228,574,272,400
1,1,422,450,336,527,424,667,469,292,522,388,603,362,298,641,591,278,364,381,532,457,348,408
1,0,411,350,375,410,351,268,423,203,446,406,234,495,328,125,364,313,413,385,311,351,322,357
0,0,381,350,244,235,331,237,385,422,494,305,384,370,375,362,364,351,261,334,280,475,539,454
1,1,449,450,227,414,360,415,360,583,531,440,475,380,387,487,548,430,607,759,487,369,396,486
0,1,407,450,353,531,614,501,422,367,348,535,362,526,288,539,343,428,317,433,557,436,296,397
0,0,448,350,630,336,542,245,421,510,368,425,491,263,400,370,228,329,550,320,524,347,315,400
0,0,407,350,539,371,445,180,313,470,295,514,578,380,498,360,393,345,461,42,301,311,373,465
1,0,273,350,235,321,287,290,183,277,316,377,145,412,356,347,291,345,289,402,209,480,121,384
1,1,445,450,617,317,501,412,317,491,412,491,528,402,741,421,309,444,423,500,400,354,458,625
0,0,438,350,384,506,436,239,361,265,307,281,222,294,254,287,487,459,486,541,448,276,425,176
0,0,380,350,480,454,532,232,268,106,174,313,535,236,490,358,351,515,308,368,557,304,468,334
0,1,497,450,560,447,412,399,508,466,463,297,558,549,621,531,643,600,542,436,661,474,552,357
1,0,390,350,402,315,335,353,254,546,261,370,667,301,358,411,291,425,492,488,464,461,372,344
0,1,367,450,319,534,294,146,234,486,431,712,187,420,475,387,521,480,405,357,280,426,427,434
1,1,362,450,417,443,320,312,87,546,373,622,276,408,323,323,321,530,280,522,269,378,419,715
0,0,415,350,335,335,569,360,368,206,390,426,313,400,632,463,449,398,357,507,373,319,253,314
1,0,379,350,466,312,504,259,531,383,374,232,288,253,460,292,291,485,586,410,558,249,405,445
0,0,400,350,407,400,405,290,450,411,346,285,405,277,523,312,550,225,439,174,502,375,490,277
0,0,427,350,456,199,412,287,539,385,254,430,393,298,583,372,686,410,407,313,311,375,399,538
1,1,354,450,333,444,366,510,344,435,332,417,288,496,451,490,447,422,429,442,291,609,339,236
0,0,392,350,304,131,342,306,392,314,463,291,487,407,233,249,521,364,358,296,161,395,376,434
1,0,316,350,350,326,361,303,288,411,322,292,288,311,227,278,425,333,396,402,287,256,192,341
0,1,278,450,318,281,309,647,314,460,375,581,488,506,204,311,310,451,278,449,116,479,360,598
1,0,314,350,205,346,474,485,400,299,371,283,269,255,371,456,69,386,327,164,436,469,244,357
0,1,312,450,316,385,266,636,363,570,236,391,321,395,290,426,478,574,333,546,519,310,351,508
0,0,384,350,335,395,269,351,298,345,300,297,483,408,438,338,592,398,228,370,356,184,480,411
1,1,450,450,518,448,482,494,403,405,483,507,462,538,418,331,358,468,393,419,555,439,279,663
1,1,368,450,624,412,223,289,326,338,347,425,298,412,340,324,320,326,416,525,326,572,390,364
0,0,381,350,389,422,422,293,260,318,515,375,283,533,360,270,253,456,370,242,345,441,434,418
1,0,385,350,319,401,385,189,447,431,327,415,499,456,129,291,425,355,432,338,403,272,520,228
0,0,423,350,319,280,384,518,456,331,481,419,457,539,288,301,516,355,380,320,384,261,532,226
1,1,384,450,315,534,431,353,412,560,524,340,534,442,554,448,196,567,376,423,87,375,489,407
0,1,491,450,426,352,421,450,529,409,280,267,307,598,491,400,608,360,618,476,461,524,560,531
0,1,449,450,676,454,423,452,424,426,564,511,446,419,590,491,506,376,556,403,387,346,433,568
1,1,385,450,283,483,509,634,472,375,264,362,349,568,396,337,354,440,238,509,379,335,415,589
0,1,549,450,555,186,532,395,525,570,798,372,646,442,514,377,572,575,596,311,655,668,595,325
1,1,354,450,170,344,117,517,505,520,185,316,397,506,262,505,506,555,322,596,299,475,377,579
1,1,419,450,309,402,561,360,402,361,367,348,514,407,372,586,231,364,430,522,349,569,385,484
1,0,314,350,282,497,456,423,451,297,329,362,272,338,269,379,245,399,291,451,494,342,264,480
1,1,353,450,335,385,440,411,313,401,269,417,411,673,377,495,268,407,413,437,52,415,227,607
0,1,432,450,375,518,544,524,359,388,357,387,388,417,493,532,445,430,551,527,458,386,574,461
0,0,392,350,386,260,647,410,390,484,481,394,424,398,406,347,466,167,435,308,442,284,314,487
1,1,449,450,272,538,434,559,479,530,456,421,335,469,362,350,371,400,501,601,516,381,511,480
1,1,405,450,505,479,399,495,313,560,646,464,371,565,419,548,426,509,303,503,533,398,455,403
1,1,375,450,313,577,476,420,431,439,319,653,376,459,419,419,345,464,245,517,423,316,373,263
1,0,283,350,166,539,184,315,277,411,220,310,385,432,594,401,388,349,227,418,203,307,268,388
0,1,338,450,429,479,336,340,325,444,458,614,313,510,249,656,288,464,235,457,357,545,196,563
0,1,498,450,598,487,439,361,462,344,584,409,411,703,458,230,493,482,530,385,502,307,521,414
1,0,297,350,440,403,198,360,165,388,369,255,352,460,380,421,329,359,410,473,240,232,197,331
0,0,376,350,431,264,386,273,546,535,392,329,663,515,363,400,601,385,298,282,527,153,446,278
0,1,474,450,505,557,384,459,582,418,545,461,680,411,422,418,259,414,407,476,438,533,535,461
0,1,467,450,434,512,534,608,308,670,588,318,443,475,471,453,303,418,354,207,529,527,465,486
1,1,384,450,530,479,297,282,328,373,347,274,413,534,360,527,384,519,459,520,269,510,464,470
1,1,429,450,469,564,543,568,372,431,407,424,249,573,332,362,498,459,486,350,484,584,427,452
1,1,449,450,636,535,376,527,564,452,488,314,340,456,380,481,555,368,344,372,495,475,630,446
1,1,375,450,519,282,366,371,397,361,258,317,385,370,185,571,409,354,380,514,346,661,193,346
1,1,357,450,208,282,302,457,276,464,301,588,499,348,307,479,333,248,384,460,497,462,420,494
1,1,379,450,330,594,475,452,466,452,174,631,335,558,536,483,346,336,408,400,365,372,342,358
0,0,357,350,333,493,277,481,458,395,463,326,386,429,404,258,355,455,382,348,174,514,279,270
1,0,382,350,378,352,230,501,466,88,347,460,447,423,349,381,326,475,570,433,492,373,621,244
1,1,423,450,557,487,393,368,394,411,522,404,383,600,409,363,626,430,450,338,622,392,356,540
1,0,267,350,354,330,466,376,341,412,218,476,275,383,480,394,257,317,407,217,262,367,271,309
1,1,439,450,332,615,587,362,359,460,483,384,634,452,270,612,469,320,601,418,420,391,579,370
0,0,389,350,352,504,530,211,330,284,300,492,356,279,279,486,388,329,497,376,348,350,415,332
0,1,438,450,574,572,600,423,612,257,527,570,367,554,526,534,422,531,455,373,452,220,487,435
0,1,452,450,557,274,208,485,544,460,184,629,415,317,352,424,428,373,445,470,430,573,443,446
1,1,385,450,375,372,324,370,485,328,545,653,119,382,233,654,336,520,311,286,347,468,409,298
1,0,407,350,370,345,271,347,537,246,522,174,413,305,339,307,367,415,336,365,595,360,199,256
1,1,428,450,545,150,500,451,439,324,288,472,506,372,463,415,466,392,312,430,564,492,491,324
0,1,425,450,504,498,415,431,306,534,378,662,512,427,352,148,440,387,311,487,206,378,370,326
1,1,371,450,426,443,243,628,451,428,298,404,327,538,461,370,350,254,441,444,298,436,233,311
1,1,354,450,399,459,274,351,242,479,334,380,403,551,375,467,354,435,329,602,197,352,383,316
1,1,383,450,441,468,448,443,432,390,513,430,192,559,294,582,336,427,402,398,324,327,410,545
1,1,354,450,280,344,330,413,354,639,361,486,462,606,194,469,336,567,304,525,347,356,392,488
0,0,430,350,335,419,444,253,499,602,551,217,370,336,475,535,602,503,393,340,462,277,428,276
0,0,366,350,426,470,430,277,459,136,295,371,315,395,304,375,476,396,378,253,389,526,189,353
0,1,429,450,365,302,568,501,339,444,494,365,303,331,337,472,333,508,383,353,555,563,377,431
1,0,486,350,468,402,409,294,592,397,396,393,606,454,548,274,329,123,397,418,611,281,322,317
0,0,404,350,433,399,435,266,405,411,307,286,555,218,471,467,301,389,493,467,464,306,491,353
1,0,430,350,478,452,456,512,300,344,448,392,421,454,603,293,414,250,376,460,305,472,409,257
0,1,404,450,341,491,283,377,319,402,393,404,717,262,427,231,295,606,516,458,338,369,739,515
1,1,389,450,317,579,402,450,323,523,305,552,405,461,356,466,247,570,467,335,324,307,521,517
1,0,285,350,305,509,363,430,254,486,252,442,283,432,445,464,268,231,411,333,411,358,38,331
0,0,415,350,391,161,461,363,543,301,405,261,448,276,616,504,442,484,506,342,500,234,595,442
1,0,455,350,543,322,460,394,478,520,264,495,512,297,241,428,356,242,549,331,503,346,552,189
1,1,448,450,378,502,345,530,586,272,233,505,376,625,493,398,400,488,599,527,459,489,410,494
1,1,407,450,646,594,523,379,126,212,427,391,504,504,275,512,343,577,485,398,472,504,610,672
0,1,510,450,459,497,531,557,415,404,517,453,608,462,630,412,472,289,549,477,522,336,523,564
1,1,386,450,614,440,339,497,335,492,366,531,475,478,105,571,335,631,353,412,592,449,285,549
0,1,402,450,375,397,405,310,534,407,440,260,317,323,203,394,150,364,299,463,378,457,204,352
1,0,280,350,290,447,145,284,239,395,117,316,318,268,205,354,342,354,421,376,368,376,133,404
0,1,340,450,345,402,422,451,362,542,409,506,331,410,441,160,214,447,444,386,347,315,313,654
0,0,399,350,177,459,551,490,387,425,370,524,357,207,567,319,471,436,245,284,533,443,286,400
0,1,409,450,238,638,566,432,564,397,509,621,451,429,529,346,352,249,358,354,554,384,365,457
0,0,355,350,354,391,245,430,325,400,318,446,457,219,202,308,466,341,357,195,422,129,388,233
1,0,527,350,697,478,614,457,566,135,453,223,430,356,647,328,481,371,531,529,654,374,484,385
1,0,282,350,224,517,286,417,358,229,290,416,223,347,251,428,383,244,393,370,276,241,154,324
1,1,450,450,492,667,287,573,605,576,360,514,627,361,576,453,407,458,465,164,463,436,296,411
0,1,304,450,483,463,275,318,302,554,345,536,334,479,274,495,485,491,131,575,106,299,383,437
1,1,429,450,367,445,457,433,471,437,476,583,453,448,233,350,482,549,423,305,441,442,561,389
1,0,488,350,556,332,576,377,465,448,472,386,457,241,497,303,564,264,434,277,453,237,369,212
0,1,273,450,171,543,255,416,278,551,198,594,156,131,302,461,147,522,321,342,433,447,302,493
0,1,253,450,151,596,368,536,349,530,266,529,1,409,208,471,170,440,359,306,328,456,250,360
0,1,336,450,338,584,394,379,404,520,273,500,324,300,383,406,432,419,414,585,243,500,392,510
1,1,446,450,557,436,433,537,312,720,548,531,439,384,366,542,382,521,430,294,505,410,476,523
1,0,251,350,255,278,29,488,198,262,350,286,214,391,128,329,246,410,7,401,370,391,267,327
1,0,434,350,349,461,328,296,455,353,557,397,410,537,355,443,255,233,431,387,534,511,439,344
1,1,398,450,398,318,367,364,425,458,415,560,358,293,544,424,133,368,395,560,198,331,307,469
1,1,391,450,525,224,297,493,611,361,239,534,384,518,498,590,484,426,305,494,433,542,451,252
0,1,502,450,508,601,535,460,458,235,363,527,465,597,469,425,601,291,685,549,668,457,477,612
1,1,381,450,408,339,373,396,419,290,398,492,464,427,428,484,404,439,384,399,468,381,285,402
0,1,514,450,586,396,454,593,422,564,256,365,670,381,568,359,488,447,663,463,545,309,677,394
0,1,345,450,425,418,363,518,465,349,291,465,226,393,286,544,188,614,242,392,351,347,412,456
1,1,382,450,400,435,443,520,371,282,252,240,401,365,222,654,638,353,584,514,293,332,529,444
0,0,437,350,525,467,536,256,416,434,422,362,399,283,410,270,313,433,479,329,504,247,597,254
0,1,446,450,386,535,368,338,464,362,340,460,369,380,337,610,369,430,651,299,449,422,387,525
1,1,406,450,487,446,465,435,345,544,445,490,322,371,400,363,451,605,457,582,393,398,436,299
0,0,408,350,414,361,594,322,302,326,368,397,346,334,184,183,383,162,263,370,318,214,372,530
0,0,361,350,437,249,290,492,337,262,209,176,380,365,310,340,284,355,323,307,294,402,439,270
1,0,374,350,514,252,199,360,529,510,263,289,320,234,572,316,645,480,367,386,342,207,450,173
1,0,386,350,447,316,335,300,466,331,499,333,416,301,240,278,208,386,442,75,334,440,299,188
0,0,351,350,507,223,328,362,301,549,321,242,297,297,302,413,354,359,212,292,303,418,384,335
0,0,382,350,228,316,533,440,137,334,232,491,413,387,423,292,383,415,502,292,444,308,455,284
1,0,424,350,519,92,498,423,360,516,298,454,510,407,296,411,441,580,401,375,557,276,412,244
1,0,451,350,374,312,442,195,481,441,460,218,453,343,423,281,526,442,430,216,378,489,436,343
0,1,303,450,268,526,422,531,348,394,395,414,317,269,235,343,427,621,259,498,272,496,335,419
0,0,370,350,384,344,381,309,343,257,392,271,291,321,281,475,419,443,257,440,243,371,481,199
0,1,489,450,300,398,432,429,625,572,461,600,605,408,570,349,490,434,358,293,719,451,430,421
1,1,383,450,533,382,380,520,263,386,380,494,391,441,483,294,173,493,191,371,322,421,339,296
1,0,412,350,442,417,437,577,299,457,468,494,438,464,224,252,219,369,546,428,352,395,396,468
1,0,391,350,248,403,580,559,507,533,481,224,307,365,366,383,367,274,285,174,344,502,328,341
0,0,439,350,289,301,528,403,269,425,351,501,552,313,498,433,470,215,396,355,454,315,305,305
0,0,356,350,328,323,385,389,425,204,432,326,409,290,335,472,499,291,195,326,272,225,437,268
0,1,392,450,444,504,334,645,352,572,365,505,299,485,442,432,426,655,398,522,469,466,470,540
0,0,361,350,417,422,450,320,374,136,403,262,436,228,406,412,333,220,337,386,311,287,679,286
0,0,374,350,352,388,423,449,278,344,475,384,370,274,189,323,365,394,441,369,420,530,213,241
1,1,397,450,304,403,481,527,417,330,461,329,439,448,209,613,436,500,421,628,322,365,427,545
0,1,324,450,251,486,379,344,154,526,601,411,136,496,430,412,227,340,265,409,420,327,294,460
1,1,351,450,160,477,438,453,257,452,315,293,245,540,470,355,294,452,187,356,141,502,418,537
0,1,542,450,639,489,376,432,541,587,602,368,421,269,458,409,632,394,602,600,464,490,376,362
0,1,395,450,461,541,173,354,341,404,370,477,467,475,331,475,511,375,375,497,267,514,438,500
0,1,501,450,491,435,483,459,519,208,646,268,485,402,498,594,597,224,338,570,406,460,487,220
1,0,435,350,345,319,314,234,358,452,393,419,461,237,312,407,453,428,507,265,183,532,471,417
1,1,390,450,262,513,278,477,409,292,291,482,449,489,418,503,285,556,407,422,316,338,349,471
0,0,353,350,356,398,224,337,270,217,216,376,454,371,321,308,293,515,427,373,411,535,474,416
0,0,404,350,381,278,499,623,516,389,625,561,397,272,429,407,397,289,330,341,311,346,344,419
1,0,374,350,411,277,459,421,275,208,536,379,294,74,420,289,269,178,263,377,386,434,435,534
0,0,356,350,428,481,377,411,323,384,384,268,148,230,276,269,436,366,343,366,311,414,240,340
0,0,356,350,485,414,454,462,257,250,375,200,186,329,326,239,250,245,348,276,383,344,278,573
0,1,289,450,308,644,268,407,329,600,365,412,319,444,348,559,309,384,282,622,321,505,394,554
1,0,410,350,262,511,483,231,258,256,284,318,348,519,527,330,388,356,396,351,428,311,389,308
1,0,549,350,645,332,683,269,559,432,473,308,449,504,687,327,430,157,612,325,642,435,543,480
0,1,309,450,230,425,305,221,217,466,306,435,199,439,309,474,171,403,230,425,301,351,122,451
0,0,408,350,361,362,364,197,276,463,368,300,523,390,402,415,480,308,475,385,327,478,336,341
0,0,417,350,512,322,521,374,474,281,208,170,310,429,321,385,295,392,519,391,477,193,540,161
1,1,373,450,470,297,263,553,268,336,496,366,537,398,461,402,276,402,305,373,341,346,284,283
0,0,353,350,158,523,415,401,371,445,486,365,314,248,472,281,305,294,328,394,270,377,395,393
1,1,403,450,458,412,303,429,376,371,398,538,450,359,454,390,387,475,430,409,322,316,487,395
1,0,268,350,309,479,352,302,147,526,163,456,334,257,91,276,232,389,286,286,214,449,302,570
1,0,453,350,706,505,561,252,560,440,761,418,412,414,394,449,504,319,473,399,373,313,406,508
1,0,318,350,343,313,190,346,351,438,506,424,436,363,133,406,295,296,217,357,202,322,171,460
0,1,531,450,761,287,421,613,397,423,607,202,616,526,530,570,678,670,475,575,630,502,332,474
0,1,326,450,326,499,407,259,269,423,336,430,245,580,410,347,439,361,222,548,544,293,221,418
0,1,512,450,578,444,420,398,484,659,706,504,647,368,445,508,564,448,566,385,630,668,597,405
1,0,502,350,601,335,322,339,702,331,415,368,428,447,544,341,431,311,472,334,509,522,515,556
1,0,338,350,263,314,483,301,296,348,158,242,237,428,436,305,186,401,322,234,405,239,251,258
1,0,332,350,324,347,445,351,204,222,447,614,323,426,492,288,355,407,172,397,350,324,429,221
0,0,372,350,377,328,147,574,431,273,105,429,318,342,526,226,431,436,416,166,511,330,438,372
1,0,326,350,396,333,397,268,266,449,137,427,342,130,377,505,319,171,404,504,421,421,314,360
1,0,539,350,565,256,638,392,563,431,534,227,607,324,635,172,624,347,361,355,380,422,442,352
1,0,280,350,359,448,331,206,323,373,190,275,326,333,378,160,272,393,544,327,404,421,356,281
0,0,391,350,432,375,385,425,307,482,348,447,428,265,304,236,292,296,538,508,273,269,424,230
1,1,403,450,427,529,378,554,530,499,374,307,367,633,569,463,376,450,477,478,434,332,557,525
1,0,478,350,460,361,498,289,461,264,313,291,334,326,489,124,510,259,504,406,466,254,567,215
1,0,266,350,137,357,99,427,351,323,189,307,308,325,303,208,323,175,434,227,277,427,205,447
0,1,540,450,432,472,626,371,440,440,581,409,636,667,434,470,611,348,527,430,443,424,590,514
0,0,412,350,331,320,446,489,551,472,422,183,452,304,448,484,465,448,370,441,544,384,561,506
1,1,401,450,295,449,513,221,353,270,260,526,559,425,519,605,363,391,357,435,425,335,405,605
1,0,375,350,409,207,357,249,174,327,302,316,452,419,428,217,448,360,396,289,471,320,571,272
0,0,387,350,439,354,456,463,141,419,396,375,433,364,399,517,451,352,349,381,341,472,348,591
1,1,421,450,424,407,404,556,484,343,367,328,408,534,506,477,596,494,516,290,335,462,537,539
1,1,443,450,524,457,417,386,353,506,492,312,444,494,555,511,540,287,438,573,529,500,515,582
0,0,385,350,199,226,470,379,440,194,304,481,311,549,383,395,513,400,366,264,389,375,371,344
1,0,429,350,562,479,422,239,522,462,425,447,469,356,515,287,309,389,464,275,268,356,496,446
0,1,468,450,507,482,281,473,448,432,653,462,371,547,489,538,731,437,480,276,426,345,447,390
1,1,370,450,431,327,381,500,287,355,380,456,318,571,441,441,285,458,293,459,400,320,421,369
1,1,444,450,444,566,433,488,360,328,533,237,550,443,395,456,403,532,599,414,407,285,303,335
0,0,404,350,426,418,384,329,446,378,126,310,325,393,646,351,490,487,358,419,389,308,330,303
0,0,405,350,473,420,416,324,368,299,367,296,269,334,220,386,448,299,437,266,418,379,411,417
1,1,394,450,531,400,269,381,217,579,387,550,224,368,268,514,452,509,576,565,442,546,495,285
1,0,313,350,384,347,334,388,366,185,370,326,396,391,259,295,327,271,298,220,373,300,451,389
0,1,517,450,548,362,723,569,543,408,503,466,439,473,572,553,365,708,440,425,349,507,394,304
1,0,380,350,383,272,419,355,370,292,217,152,450,288,337,194,275,383,372,337,355,103,312,366
1,0,549,350,638,215,501,553,472,339,434,429,468,460,520,395,685,114,510,551,477,281,484,376
1,1,398,450,254,263,527,407,363,366,563,417,207,457,288,431,316,325,435,550,470,500,335,364
1,0,386,350,408,311,320,320,237,307,294,389,392,401,451,243,243,349,412,425,326,286,265,254
1,1,449,450,367,511,432,528,403,305,532,429,494,411,365,222,507,467,388,482,498,511,555,417
1,1,442,450,373,414,621,434,488,502,457,303,338,559,349,388,244,286,481,438,327,630,492,601
1,0,362,350,390,350,454,474,390,478,229,321,377,335,369,191,383,249,339,481,406,477,292,366
0,1,333,450,225,414,315,538,437,528,409,426,426,466,420,476,333,491,441,519,353,267,268,472
0,0,367,350,247,313,442,222,293,541,409,158,413,405,411,323,460,414,482,296,374,275,350,324
1,0,331,350,339,436,306,421,360,319,298,535,369,293,225,310,136,451,309,346,279,221,291,500
1,1,356,450,379,337,73,500,455,426,436,488,205,396,398,428,347,493,360,459,227,677,339,386
0,1,310,450,383,384,220,338,247,490,242,546,256,468,337,422,392,340,340,570,379,484,322,434
0,1,427,450,506,523,487,595,427,434,409,444,561,421,569,268,540,431,604,604,372,510,436,428
0,1,433,450,479,592,521,382,511,461,505,489,408,586,276,447,511,585,321,447,490,513,459,499
1,1,450,450,614,478,451,352,588,315,411,390,582,473,283,529,317,458,623,428,473,510,381,584
0,0,409,350,287,373,433,185,379,290,295,125,335,490,392,242,343,243,381,403,488,352,483,391
0,1,439,450,624,561,687,457,526,523,697,541,564,445,332,475,441,539,409,536,461,479,616,301
1,1,382,450,703,400,424,461,205,368,305,376,427,318,347,429,272,307,615,392,315,699,295,439
0,0,448,350,642,365,273,154,403,254,523,33,190,233,473,369,427,331,326,373,414,294,450,499
1,1,412,450,549,631,458,452,355,572,502,570,540,608,415,399,423,570,419,632,471,430,385,504
1,0,299,350,272,616,405,393,277,195,307,275,336,350,158,559,273,585,437,339,387,414,197,398
0,0,352,350,315,401,180,173,341,384,379,406,380,253,302,249,341,272,390,440,353,284,434,277
0,1,269,450,347,439,137,534,428,499,274,482,372,422,151,386,285,465,338,507,227,487,314,437
0,1,308,450,234,400,321,366,517,277,354,522,294,225,499,308,220,265,424,447,276,451,275,576
1,0,331,350,225,332,548,234,313,255,341,405,111,285,334,366,396,387,334,367,550,352,317,492
1,1,366,450,277,394,550,593,266,500,221,333,233,445,358,347,309,363,492,440,474,477,309,328
0,1,265,450,419,384,248,401,300,415,192,497,166,366,205,317,275,478,304,554,70,448,207,582
0,0,368,350,361,513,445,328,447,500,395,469,173,233,369,422,366,360,448,381,272,191,314,295
1,1,393,450,287,530,254,503,366,495,324,526,329,483,322,344,498,323,314,323,335,563,381,415
1,0,541,350,651,379,636,421,328,423,455,238,616,494,557,262,660,339,615,417,606,397,418,248
1,1,410,450,314,467,520,207,315,472,406,455,313,495,258,432,307,456,308,433,246,324,377,394
0,0,399,350,393,285,432,559,443,258,565,326,420,247,357,404,325,424,484,409,557,394,241,341
1,0,366,350,329,517,354,287,481,432,513,411,372,329,462,370,514,218,351,335,377,306,440,275
1,0,356,350,362,363,444,447,507,349,443,235,289,401,354,176,320,457,222,164,327,517,428,380
0,0,425,350,358,301,425,328,436,565,518,340,455,358,515,613,273,406,530,196,492,348,413,224
1,1,415,450,537,458,413,400,416,407,374,426,482,528,396,569,307,520,391,427,426,476,644,416
1,0,474,350,355,296,433,424,522,423,361,369,311,240,570,208,461,211,357,226,516,504,525,324
0,1,285,450,254,567,119,618,170,529,509,533,301,394,253,640,305,531,494,381,356,452,408,334
1,1,365,450,264,410,334,527,208,330,278,519,427,436,326,531,384,483,247,428,414,445,429,584
0,1,481,450,480,365,670,574,665,379,590,503,550,558,406,501,461,470,644,408,397,528,597,570
0,1,294,450,394,377,242,585,208,494,188,529,191,512,235,633,358,253,322,440,113,554,323,631
0,1,252,450,196,135,258,355,199,461,304,445,283,424,354,475,113,429,262,398,273,291,191,279
1,0,378,350,306,294,245,330,311,399,351,372,253,353,362,388,344,374,331,216,566,537,364,244
1,1,449,450,528,559,536,325,428,359,525,455,568,626,404,430,406,333,729,507,412,452,407,408
1,0,453,350,475,315,409,364,557,237,535,405,330,263,563,254,437,337,566,341,408,198,437,454
1,0,266,350,295,307,323,256,365,387,210,389,270,302,130,202,343,430,45,231,279,295,319,188
0,0,412,350,407,236,337,450,350,522,504,344,481,135,531,415,450,164,579,274,422,154,454,145
1,1,397,450,423,439,481,569,215,634,395,520,613,326,404,454,390,429,457,455,326,526,563,501
1,0,291,350,221,291,309,320,297,430,218,360,332,519,66,434,258,453,322,495,358,339,155,417
0,0,424,350,334,517,471,356,466,283,397,616,354,364,334,495,370,178,309,355,492,409,360,356
1,0,294,350,233,337,215,563,303,418,454,314,341,505,166,412,401,317,334,159,204,354,334,455
0,0,379,350,276,364,401,405,259,243,524,330,282,356,413,278,254,278,272,417,388,293,504,170
0,1,390,450,487,419,451,507,219,638,403,322,514,317,348,462,418,613,340,414,430,538,233,454
0,0,359,350,271,341,401,287,328,439,181,421,346,452,399,339,484,285,290,366,293,353,324,230
1,0,252,350,178,388,119,334,136,340,161,316,186,305,268,348,123,292,265,265,294,381,162,143
1,0,407,350,275,400,421,259,343,366,526,390,430,450,434,313,396,292,535,265,517,309,362,485
0,1,549,450,580,372,406,619,395,570,597,341,621,416,777,487,503,537,583,413,385,696,585,321
1,0,251,350,390,279,285,247,77,348,45,201,109,502,400,366,280,303,222,343,393,327,276,359
1,1,374,450,236,334,307,500,420,399,611,423,335,505,309,403,440,320,379,387,257,433,310,449
1,0,502,350,418,430,455,263,652,305,421,505,403,358,443,88,561,362,426,415,569,338,526,328
0,0,421,350,605,414,351,287,447,397,313,338,323,394,360,166,378,368,484,306,428,442,285,445
1,1,402,450,250,503,328,371,518,304,337,541,688,418,400,661,314,382,418,528,324,648,392,517
1,1,402,450,419,504,564,462,484,567,563,393,337,577,285,437,566,504,463,382,275,512,308,384
1,0,268,350,363,464,233,452,242,353,230,228,366,299,157,251,422,382,306,392,275,515,254,393
1,0,331,350,315,389,303,364,446,474,133,415,357,300,302,397,363,322,218,299,524,473,417,271
1,1,418,450,393,316,455,545,472,337,442,622,414,586,459,558,512,388,530,345,339,407,312,400
0,0,410,350,352,427,575,350,548,341,402,457,442,367,330,310,374,215,381,361,434,426,610,144
0,1,392,450,532,485,408,391,513,565,278,443,446,329,347,336,321,489,460,482,417,428,373,465
1,0,482,350,335,273,460,121,409,307,395,190,473,389,413,439,314,313,437,315,513,271,565,289
1,0,352,350,410,319,469,466,278,323,369,405,358,347,282,228,405,354,425,376,547,128,412,198
0,1,327,450,491,464,321,444,261,567,290,409,304,285,263,475,257,483,217,424,379,559,287,302
0,1,489,450,351,508,322,354,517,493,496,260,480,686,582,447,579,380,262,403,590,309,561,552
0,1,284,450,333,339,413,437,252,459,264,637,293,500,270,607,381,535,168,484,147,478,203,295
1,1,442,450,361,482,600,408,427,234,521,471,535,539,308,420,524,608,543,675,516,312,412,402
1,1,416,450,421,602,268,479,641,424,486,458,363,541,451,592,417,560,381,412,352,499,312,530
1,1,385,450,394,565,439,599,468,620,214,519,346,356,299,457,302,677,526,280,288,409,290,484
1,1,424,450,519,498,471,399,465,564,482,302,329,481,383,547,636,395,397,425,355,493,257,288
1,0,256,350,196,235,211,202,357,407,341,332,285,433,108,305,176,232,358,241,125,328,240,233
1,1,448,450,574,619,357,327,377,423,368,395,529,495,435,504,492,456,373,578,507,439,386,551
1,1,408,450,502,361,479,420,294,485,366,679,403,468,340,529,538,605,446,694,393,426,400,503
0,0,391,350,586,434,312,310,399,532,314,498,275,305,485,267,419,226,394,335,320,445,290,179
1,1,418,450,581,386,253,563,192,411,514,539,377,185,451,538,454,327,431,269,310,460,692,490
0,0,433,350,479,244,366,353,580,153,403,314,317,464,552,382,490,359,503,446,434,296,454,433
0,0,439,350,298,305,508,386,453,241,565,436,490,301,638,387,357,356,333,467,583,192,379,294
0,1,437,450,411,522,306,310,445,473,373,334,505,362,328,412,284,490,412,526,366,371,470,417
1,0,515,350,492,253,376,216,661,365,401,380,487,571,428,208,518,250,595,424,496,244,652,394
0,1,272,450,343,480,344,422,352,569,523,499,194,478,300,572,343,408,366,395,331,461,199,350
0,1,403,450,373,436,300,622,396,449,489,458,310,478,280,284,280,367,317,416,448,362,312,464
1,0,376,350,534,438,357,230,280,379,278,362,652,303,158,435,330,216,498,380,478,311,528,372
1,1,350,450,314,360,155,234,205,351,360,374,474,414,213,646,286,641,424,335,330,435,274,491
0,0,384,350,471,244,307,297,337,228,454,413,342,218,275,315,303,328,518,330,199,515,503,310
0,1,306,450,336,539,297,450,158,398,422,256,247,316,432,586,192,559,304,378,390,517,182,434
1,0,484,350,498,259,404,175,417,322,561,299,533,330,586,334,588,318,419,484,539,287,542,381
0,0,438,350,404,423,484,104,286,464,413,142,519,527,384,159,381,231,260,379,567,335,615,301
0,1,497,450,390,417,423,520,548,346,448,439,588,234,535,462,677,485,516,380,233,535,396,351
0,1,512,450,585,499,612,367,470,464,584,359,631,232,633,472,502,390,543,493,356,497,467,374
0,1,257,450,223,471,31,427,199,570,314,506,289,581,313,414,248,268,88,501,171,287,178,251
0,1,420,450,442,405,435,571,371,475,577,399,457,424,318,473,193,455,257,549,354,570,416,454
1,1,422,450,268,563,498,394,420,165,597,529,408,317,607,393,488,506,297,643,409,388,231,744
0,0,438,350,487,329,300,407,430,267,507,348,504,573,531,220,538,536,527,333,555,176,450,350
1,1,412,450,175,349,323,455,370,457,473,467,242,612,609,513,428,568,508,439,437,390,366,260
1,1,366,450,417,523,493,605,508,457,448,485,428,288,247,400,430,396,405,577,518,368,343,454
0,0,412,350,497,222,395,301,400,313,507,416,415,446,399,339,383,437,557,344,235,404,557,448
1,0,401,350,453,401,356,406,374,299,265,297,434,392,426,364,355,305,518,253,504,431,326,457
1,1,430,450,688,563,353,404,505,545,405,356,354,641,356,565,332,380,680,341,191,539,335,400
0,0,439,350,495,351,706,272,365,322,296,423,478,315,383,328,443,298,503,231,737,564,479,278
0,1,329,450,282,520,95,515,341,311,508,553,256,569,530,262,457,273,465,424,530,396,297,382
1,1,447,450,298,356,524,445,250,581,431,288,527,635,666,368,373,409,429,368,537,633,407,503
0,0,399,350,301,403,456,338,412,290,267,299,358,348,578,311,423,276,253,325,531,449,241,451
1,1,365,450,266,244,326,551,253,453,356,294,373,647,475,537,342,590,291,555,389,461,357,412
0,1,414,450,504,500,509,465,423,367,518,518,446,267,393,341,286,478,404,456,500,380,357,561
0,1,541,450,544,417,487,473,438,421,678,371,431,315,563,423,585,299,764,553,475,559,574,433
1,0,260,350,271,286,174,209,160,330,498,316,143,455,286,230,268,204,261,227,326,334,430,335
0,0,438,350,342,278,438,401,544,328,410,192,613,296,402,476,370,482,549,470,399,308,457,452
0,0,393,350,396,420,344,321,411,254,531,409,405,540,291,179,341,570,387,381,342,287,438,313
1,0,467,350,416,474,502,206,358,357,474,346,390,359,442,420,404,406,554,416,384,398,521,231
0,1,403,450,439,406,406,293,233,404,231,432,437,503,536,422,643,414,464,350,407,385,268,377
0,0,411,350,498,186,399,297,391,310,477,428,344,506,417,330,611,408,529,244,513,376,394,419
1,1,427,450,353,435,439,530,468,371,323,543,532,483,583,383,388,512,454,380,467,531,245,593
0,1,539,450,714,430,530,517,602,447,434,375,531,330,433,479,391,347,684,422,681,373,614,576
0,1,466,450,492,493,659,540,513,377,417,504,457,494,351,416,332,515,391,359,333,426,347,294
0,1,396,450,394,173,308,455,396,473,420,367,436,487,438,550,338,432,357,289,291,483,411,386
0,1,491,450,562,365,505,383,410,657,485,521,500,361,428,358,469,539,511,387,434,454,564,314
1,0,418,350,433,170,452,216,463,406,508,232,268,443,441,530,402,395,426,437,326,264,258,459
0,0,399,350,535,432,305,160,346,200,372,404,187,326,447,250,529,416,455,491,159,234,307,210
1,1,384,450,524,430,400,539,267,462,523,485,449,385,350,548,488,492,243,481,479,422,360,550
0,1,273,450,308,386,315,303,118,513,204,591,140,444,377,537,361,412,378,455,213,337,105,417
1,1,449,450,418,349,423,489,479,333,272,237,429,180,417,495,450,359,454,463,437,419,386,616
0,1,450,450,499,524,417,389,643,303,702,510,524,346,313,423,375,396,383,348,337,401,429,362
1,1,359,450,341,426,278,518,510,438,472,399,235,493,298,501,250,421,439,497,354,664,293,385
1,0,533,350,451,371,442,490,385,497,419,332,474,375,548,337,622,327,508,345,607,250,496,272
1,0,336,350,196,241,319,364,423,529,250,338,504,355,380,216,242,295,450,424,391,216,403,252
0,1,369,450,505,370,231,351,287,503,390,509,417,367,516,539,303,407,460,469,229,442,314,551
1,0,311,350,352,318,238,490,356,276,331,378,206,458,336,387,360,408,258,390,177,320,131,200
0,0,425,350,338,631,516,400,485,223,266,315,455,361,518,254,334,470,566,342,554,382,353,200
1,1,383,450,430,566,391,336,464,433,484,582,431,484,356,393,302,422,283,525,300,476,301,321
0,1,260,450,269,589,279,760,349,524,329,542,150,339,251,538,364,449,103,311,335,655,348,526
1,0,458,350,476,534,200,231,444,459,494,371,538,366,488,430,479,172,509,188,490,186,348,285
1,0,446,350,501,530,320,412,460,353,518,347,370,434,418,227,542,255,403,409,281,521,445,89
1,0,530,350,535,206,637,364,455,356,536,398,213,158,502,305,605,562,751,381,391,413,312,401
0,1,480,450,516,633,355,359,545,556,416,461,423,418,613,293,450,653,421,401,582,456,419,229
0,1,393,450,617,591,385,449,389,418,410,495,454,447,385,405,412,397,359,590,467,337,415,332
1,1,355,450,329,375,577,450,263,563,366,444,348,532,388,208,260,365,432,581,168,232,395,615
0,0,401,350,531,371,596,294,499,425,533,272,352,381,369,248,379,273,487,400,311,498,514,412
